timestamp,total_gas_consumption,peak_power,actual_consumption,total_consumption_day,total_consumption_night,actual_injection,total_injection_day,total_injection_night
240815223500,2702.727,11.744,.411,9303.297,8071.609,.000,2280.634,889.889
240815223501,2702.727,11.744,.407,9303.297,8071.609,.000,2280.634,889.889
240815223502,2702.727,11.744,.409,9303.297,8071.609,.000,2280.634,889.889
240815223503,2702.727,11.744,.407,9303.297,8071.609,.000,2280.634,889.889
240815223531,2702.727,11.744,.405,9303.297,8071.612,.000,2280.634,889.889
240815223532,2702.727,11.744,.407,9303.297,8071.612,.000,2280.634,889.889
240815223533,2702.727,11.744,.406,9303.297,8071.613,.000,2280.634,889.889
240815223601,2702.727,11.744,.406,9303.297,8071.616,.000,2280.634,889.889
240815223602,2702.727,11.744,.407,9303.297,8071.616,.000,2280.634,889.889
240815223603,2702.727,11.744,.407,9303.297,8071.616,.000,2280.634,889.889
240815223631,2702.727,11.744,.406,9303.297,8071.619,.000,2280.634,889.889
240815223632,2702.727,11.744,.405,9303.297,8071.619,.000,2280.634,889.889
240815223633,2702.727,11.744,.406,9303.297,8071.619,.000,2280.634,889.889
240815223701,2702.727,11.744,.407,9303.297,8071.623,.000,2280.634,889.889
240815223702,2702.727,11.744,.405,9303.297,8071.623,.000,2280.634,889.889
240815223703,2702.727,11.744,.406,9303.297,8071.623,.000,2280.634,889.889
240815223731,2702.727,11.744,.407,9303.297,8071.626,.000,2280.634,889.889
240815223732,2702.727,11.744,.405,9303.297,8071.626,.000,2280.634,889.889
240815223733,2702.727,11.744,.406,9303.297,8071.626,.000,2280.634,889.889
240815223801,2702.727,11.744,.406,9303.297,8071.629,.000,2280.634,889.889
240815223802,2702.727,11.744,.406,9303.297,8071.629,.000,2280.634,889.889
240815223803,2702.727,11.744,.407,9303.297,8071.630,.000,2280.634,889.889
240815223831,2702.727,11.744,.406,9303.297,8071.633,.000,2280.634,889.889
240815223832,2702.727,11.744,.405,9303.297,8071.633,.000,2280.634,889.889
240815223833,2702.727,11.744,.409,9303.297,8071.633,.000,2280.634,889.889
240815223901,2702.727,11.744,.405,9303.297,8071.636,.000,2280.634,889.889
240815223902,2702.727,11.744,.405,9303.297,8071.636,.000,2280.634,889.889
240815223903,2702.727,11.744,.408,9303.297,8071.636,.000,2280.634,889.889
240815223931,2702.727,11.744,.410,9303.297,8071.640,.000,2280.634,889.889
240815223932,2702.727,11.744,.408,9303.297,8071.640,.000,2280.634,889.889
240815223933,2702.727,11.744,.410,9303.297,8071.640,.000,2280.634,889.889
240815224001,2702.727,11.744,.404,9303.297,8071.643,.000,2280.634,889.889
240815224002,2702.727,11.744,.406,9303.297,8071.643,.000,2280.634,889.889
240815224003,2702.727,11.744,.407,9303.297,8071.643,.000,2280.634,889.889
240815224031,2702.727,11.744,.406,9303.297,8071.646,.000,2280.634,889.889
240815224032,2702.727,11.744,.408,9303.297,8071.646,.000,2280.634,889.889
240815224033,2702.727,11.744,.407,9303.297,8071.647,.000,2280.634,889.889
240815224101,2702.727,11.744,.406,9303.297,8071.650,.000,2280.634,889.889
240815224102,2702.727,11.744,.405,9303.297,8071.650,.000,2280.634,889.889
240815224103,2702.727,11.744,.406,9303.297,8071.650,.000,2280.634,889.889
240815224132,2702.727,11.744,.404,9303.297,8071.653,.000,2280.634,889.889
240815224133,2702.727,11.744,.403,9303.297,8071.653,.000,2280.634,889.889
240815224133,2702.727,11.744,.403,9303.297,8071.653,.000,2280.634,889.889
240815224202,2702.727,11.744,.403,9303.297,8071.657,.000,2280.634,889.889
240815224203,2702.727,11.744,.405,9303.297,8071.657,.000,2280.634,889.889
240815224204,2702.727,11.744,.407,9303.297,8071.657,.000,2280.634,889.889
240815224242,2702.727,11.744,.423,9303.297,8071.661,.000,2280.634,889.889
240815224243,2702.727,11.744,.425,9303.297,8071.661,.000,2280.634,889.889
240815224244,2702.727,11.744,.423,9303.297,8071.662,.000,2280.634,889.889
240815224312,2702.727,11.744,.422,9303.297,8071.665,.000,2280.634,889.889
240815224313,2702.727,11.744,.424,9303.297,8071.665,.000,2280.634,889.889
240815224314,2702.727,11.744,.423,9303.297,8071.665,.000,2280.634,889.889
240815224342,2702.727,11.744,.422,9303.297,8071.668,.000,2280.634,889.889
240815224343,2702.727,11.744,.424,9303.297,8071.668,.000,2280.634,889.889
240815224344,2702.727,11.744,.423,9303.297,8071.669,.000,2280.634,889.889
240815224412,2702.727,11.744,.403,9303.297,8071.672,.000,2280.634,889.889
240815224413,2702.727,11.744,.406,9303.297,8071.672,.000,2280.634,889.889
240815224414,2702.727,11.744,.405,9303.297,8071.672,.000,2280.634,889.889
240815224442,2702.727,11.744,.282,9303.297,8071.675,.000,2280.634,889.889
240815224443,2702.727,11.744,.280,9303.297,8071.675,.000,2280.634,889.889
240815224444,2702.727,11.744,.280,9303.297,8071.675,.000,2280.634,889.889
240815224512,2702.727,11.744,.281,9303.297,8071.677,.000,2280.634,889.889
240815224525,2702.727,11.744,.283,9303.297,8071.678,.000,2280.634,889.889
240815224526,2702.727,11.744,.281,9303.297,8071.679,.000,2280.634,889.889
240815224527,2702.727,11.744,.282,9303.297,8071.679,.000,2280.634,889.889
240815224528,2702.727,11.744,.281,9303.297,8071.679,.000,2280.634,889.889
240815224556,2702.727,11.744,.282,9303.297,8071.681,.000,2280.634,889.889
240815224557,2702.727,11.744,.288,9303.297,8071.681,.000,2280.634,889.889
240815224558,2702.727,11.744,.281,9303.297,8071.681,.000,2280.634,889.889
240815224626,2702.727,11.744,.281,9303.297,8071.683,.000,2280.634,889.889
240815224627,2702.727,11.744,.281,9303.297,8071.683,.000,2280.634,889.889
240815224628,2702.727,11.744,.281,9303.297,8071.683,.000,2280.634,889.889
240815224656,2702.727,11.744,.282,9303.297,8071.686,.000,2280.634,889.889
240815224657,2702.727,11.744,.280,9303.297,8071.686,.000,2280.634,889.889
240815224658,2702.727,11.744,.281,9303.297,8071.686,.000,2280.634,889.889
240815224726,2702.727,11.744,.283,9303.297,8071.688,.000,2280.634,889.889
240815224727,2702.727,11.744,.280,9303.297,8071.688,.000,2280.634,889.889
240815224728,2702.727,11.744,.280,9303.297,8071.688,.000,2280.634,889.889
240815224756,2702.727,11.744,.281,9303.297,8071.690,.000,2280.634,889.889
240815224757,2702.727,11.744,.279,9303.297,8071.691,.000,2280.634,889.889
240815224758,2702.727,11.744,.281,9303.297,8071.691,.000,2280.634,889.889
240815224826,2702.727,11.744,.281,9303.297,8071.693,.000,2280.634,889.889
240815224827,2702.727,11.744,.279,9303.297,8071.693,.000,2280.634,889.889
240815224828,2702.727,11.744,.280,9303.297,8071.693,.000,2280.634,889.889
240815224856,2702.727,11.744,.279,9303.297,8071.695,.000,2280.634,889.889
240815224857,2702.727,11.744,.279,9303.297,8071.695,.000,2280.634,889.889
240815224858,2702.727,11.744,.280,9303.297,8071.695,.000,2280.634,889.889
240815224926,2702.727,11.744,.281,9303.297,8071.697,.000,2280.634,889.889
240815224927,2702.727,11.744,.280,9303.297,8071.698,.000,2280.634,889.889
240815224928,2702.727,11.744,.279,9303.297,8071.698,.000,2280.634,889.889
240815224956,2702.727,11.744,.279,9303.297,8071.700,.000,2280.634,889.889
240815224957,2702.727,11.744,.280,9303.297,8071.700,.000,2280.634,889.889
240815224958,2702.727,11.744,.278,9303.297,8071.700,.000,2280.634,889.889
240815225026,2702.727,11.744,.280,9303.297,8071.702,.000,2280.634,889.889
240815225027,2702.727,11.744,.281,9303.297,8071.702,.000,2280.634,889.889
240815225028,2702.727,11.744,.284,9303.297,8071.702,.000,2280.634,889.889
240815225056,2702.727,11.744,.281,9303.297,8071.705,.000,2280.634,889.889
240815225057,2702.727,11.744,.283,9303.297,8071.705,.000,2280.634,889.889
240815225058,2702.727,11.744,.282,9303.297,8071.705,.000,2280.634,889.889
240815225126,2702.727,11.744,.282,9303.297,8071.707,.000,2280.634,889.889
240815225127,2702.727,11.744,.283,9303.297,8071.707,.000,2280.634,889.889
240815225128,2702.727,11.744,.281,9303.297,8071.707,.000,2280.634,889.889
240815225157,2702.727,11.744,.282,9303.297,8071.709,.000,2280.634,889.889
240815225158,2702.727,11.744,.282,9303.297,8071.709,.000,2280.634,889.889
240815225159,2702.727,11.744,.286,9303.297,8071.710,.000,2280.634,889.889
240815225237,2702.727,11.744,.281,9303.297,8071.713,.000,2280.634,889.889
240815225238,2702.727,11.744,.281,9303.297,8071.713,.000,2280.634,889.889
240815225239,2702.727,11.744,.285,9303.297,8071.713,.000,2280.634,889.889
240815225307,2702.727,11.744,.282,9303.297,8071.715,.000,2280.634,889.889
240815225308,2702.727,11.744,.283,9303.297,8071.715,.000,2280.634,889.889
240815225309,2702.727,11.744,.281,9303.297,8071.715,.000,2280.634,889.889
240815225337,2702.727,11.744,.282,9303.297,8071.717,.000,2280.634,889.889
240815225338,2702.727,11.744,.283,9303.297,8071.717,.000,2280.634,889.889
240815225339,2702.727,11.744,.281,9303.297,8071.718,.000,2280.634,889.889
240815225407,2702.727,11.744,.300,9303.297,8071.720,.000,2280.634,889.889
240815225408,2702.727,11.744,.301,9303.297,8071.720,.000,2280.634,889.889
240815225409,2702.727,11.744,.299,9303.297,8071.720,.000,2280.634,889.889
240815225437,2702.727,11.744,.300,9303.297,8071.722,.000,2280.634,889.889
240815225438,2702.727,11.744,.300,9303.297,8071.722,.000,2280.634,889.889
240815225439,2702.727,11.744,.300,9303.297,8071.722,.000,2280.634,889.889
240815225507,2702.727,11.744,.300,9303.297,8071.725,.000,2280.634,889.889
240815225508,2702.727,11.744,.299,9303.297,8071.725,.000,2280.634,889.889
240815225509,2702.727,11.744,.299,9303.297,8071.725,.000,2280.634,889.889
240815225537,2702.727,11.744,.283,9303.297,8071.727,.000,2280.634,889.889
240815225538,2702.727,11.744,.281,9303.297,8071.727,.000,2280.634,889.889
240815225539,2702.727,11.744,.283,9303.297,8071.727,.000,2280.634,889.889
240815225607,2702.727,11.744,.283,9303.297,8071.730,.000,2280.634,889.889
240815225608,2702.727,11.744,.282,9303.297,8071.730,.000,2280.634,889.889
240815225609,2702.727,11.744,.283,9303.297,8071.730,.000,2280.634,889.889
240815225637,2702.727,11.744,.283,9303.297,8071.732,.000,2280.634,889.889
240815225638,2702.727,11.744,.280,9303.297,8071.732,.000,2280.634,889.889
240815225639,2702.727,11.744,.284,9303.297,8071.732,.000,2280.634,889.889
240815225707,2702.727,11.744,.282,9303.297,8071.734,.000,2280.634,889.889
240815225708,2702.727,11.744,.281,9303.297,8071.734,.000,2280.634,889.889
240815225709,2702.727,11.744,.281,9303.297,8071.734,.000,2280.634,889.889
240815225737,2702.727,11.744,.281,9303.297,8071.737,.000,2280.634,889.889
240815225738,2702.727,11.744,.281,9303.297,8071.737,.000,2280.634,889.889
240815225739,2702.727,11.744,.282,9303.297,8071.737,.000,2280.634,889.889
240815225807,2702.727,11.744,.281,9303.297,8071.739,.000,2280.634,889.889
240815225808,2702.727,11.744,.288,9303.297,8071.739,.000,2280.634,889.889
240815225809,2702.727,11.744,.282,9303.297,8071.739,.000,2280.634,889.889
240815225837,2702.727,11.744,.280,9303.297,8071.741,.000,2280.634,889.889
240815225838,2702.727,11.744,.281,9303.297,8071.741,.000,2280.634,889.889
240815225839,2702.727,11.744,.279,9303.297,8071.742,.000,2280.634,889.889
240815225907,2702.727,11.744,.281,9303.297,8071.744,.000,2280.634,889.889
240815225908,2702.727,11.744,.281,9303.297,8071.744,.000,2280.634,889.889
240815225909,2702.727,11.744,.279,9303.297,8071.744,.000,2280.634,889.889
240815225938,2702.727,11.744,.318,9303.297,8071.747,.000,2280.634,889.889
240815225939,2702.727,11.744,.318,9303.297,8071.747,.000,2280.634,889.889
240815225940,2702.727,11.744,.319,9303.297,8071.747,.000,2280.634,889.889
240815230018,2702.727,11.744,.316,9303.297,8071.750,.000,2280.634,889.889
240815230019,2702.727,11.744,.326,9303.297,8071.750,.000,2280.634,889.889
240815230020,2702.727,11.744,.332,9303.297,8071.750,.000,2280.634,889.889
240815230048,2702.727,11.744,.311,9303.297,8071.753,.000,2280.634,889.889
240815230049,2702.727,11.744,.324,9303.297,8071.753,.000,2280.634,889.889
240815230050,2702.727,11.744,.328,9303.297,8071.753,.000,2280.634,889.889
240815230118,2702.727,11.744,.312,9303.297,8071.755,.000,2280.634,889.889
240815230119,2702.727,11.744,.325,9303.297,8071.756,.000,2280.634,889.889
240815230120,2702.727,11.744,.329,9303.297,8071.756,.000,2280.634,889.889
240815230148,2702.727,11.744,.315,9303.297,8071.758,.000,2280.634,889.889
240815230149,2702.727,11.744,.327,9303.297,8071.758,.000,2280.634,889.889
240815230150,2702.727,11.744,.332,9303.297,8071.758,.000,2280.634,889.889
240815230218,2702.727,11.744,.314,9303.297,8071.761,.000,2280.634,889.889
240815230219,2702.727,11.744,.325,9303.297,8071.761,.000,2280.634,889.889
240815230220,2702.727,11.744,.331,9303.297,8071.761,.000,2280.634,889.889
240815230248,2702.727,11.744,.315,9303.297,8071.763,.000,2280.634,889.889
240815230249,2702.727,11.744,.325,9303.297,8071.763,.000,2280.634,889.889
240815230250,2702.727,11.744,.331,9303.297,8071.764,.000,2280.634,889.889
240815230318,2702.727,11.744,.315,9303.297,8071.766,.000,2280.634,889.889
240815230319,2702.727,11.744,.325,9303.297,8071.766,.000,2280.634,889.889
240815230320,2702.727,11.744,.332,9303.297,8071.766,.000,2280.634,889.889
240815230348,2702.727,11.744,.316,9303.297,8071.769,.000,2280.634,889.889
240815230349,2702.727,11.744,.325,9303.297,8071.769,.000,2280.634,889.889
240815230350,2702.727,11.744,.332,9303.297,8071.769,.000,2280.634,889.889
240815230418,2702.727,11.744,.316,9303.297,8071.771,.000,2280.634,889.889
240815230419,2702.727,11.744,.325,9303.297,8071.771,.000,2280.634,889.889
240815230420,2702.727,11.744,.333,9303.297,8071.772,.000,2280.634,889.889
240815230448,2702.727,11.744,.314,9303.297,8071.774,.000,2280.634,889.889
240815230449,2702.727,11.744,.324,9303.297,8071.774,.000,2280.634,889.889
240815230450,2702.727,11.744,.332,9303.297,8071.774,.000,2280.634,889.889
240815230518,2702.727,11.744,.316,9303.297,8071.777,.000,2280.634,889.889
240815230519,2702.727,11.744,.326,9303.297,8071.777,.000,2280.634,889.889
240815230520,2702.727,11.744,.332,9303.297,8071.777,.000,2280.634,889.889
240815230548,2702.727,11.744,.332,9303.297,8071.779,.000,2280.634,889.889
240815230549,2702.727,11.744,.334,9303.297,8071.780,.000,2280.634,889.889
240815230550,2702.727,11.744,.332,9303.297,8071.780,.000,2280.634,889.889
240815230618,2702.727,11.744,.334,9303.297,8071.782,.000,2280.634,889.889
240815230619,2702.727,11.744,.335,9303.297,8071.782,.000,2280.634,889.889
240815230620,2702.727,11.744,.331,9303.297,8071.782,.000,2280.634,889.889
240815230649,2702.727,11.744,.325,9303.297,8071.785,.000,2280.634,889.889
240815230650,2702.727,11.744,.330,9303.297,8071.785,.000,2280.634,889.889
240815230651,2702.727,11.744,.332,9303.297,8071.785,.000,2280.634,889.889
240815230729,2702.727,11.744,.317,9303.297,8071.789,.000,2280.634,889.889
240815230730,2702.727,11.744,.313,9303.297,8071.789,.000,2280.634,889.889
240815230731,2702.727,11.744,.315,9303.297,8071.789,.000,2280.634,889.889
240815230759,2702.727,11.744,.315,9303.297,8071.791,.000,2280.634,889.889
240815230800,2702.727,11.744,.316,9303.297,8071.791,.000,2280.634,889.889
240815230801,2702.727,11.744,.319,9303.297,8071.791,.000,2280.634,889.889
240815230829,2702.727,11.744,.316,9303.297,8071.794,.000,2280.634,889.889
240815230830,2702.727,11.744,.314,9303.297,8071.794,.000,2280.634,889.889
240815230831,2702.727,11.744,.316,9303.297,8071.794,.000,2280.634,889.889
240815230859,2702.727,11.744,.316,9303.297,8071.797,.000,2280.634,889.889
240815230900,2702.727,11.744,.673,9303.297,8071.797,.000,2280.634,889.889
240815230901,2702.727,11.744,.508,9303.297,8071.797,.000,2280.634,889.889
240815230929,2702.727,11.744,.464,9303.297,8071.800,.000,2280.634,889.889
240815230930,2702.727,11.744,.463,9303.297,8071.801,.000,2280.634,889.889
240815230931,2702.727,11.744,.464,9303.297,8071.801,.000,2280.634,889.889
240815230959,2702.727,11.744,.461,9303.297,8071.804,.000,2280.634,889.889
240815231000,2702.727,11.744,.463,9303.297,8071.804,.000,2280.634,889.889
240815231001,2702.727,11.744,.461,9303.297,8071.805,.000,2280.634,889.889
240815231029,2702.727,11.744,.459,9303.297,8071.808,.000,2280.634,889.889
240815231030,2702.727,11.744,.460,9303.297,8071.808,.000,2280.634,889.889
240815231031,2702.727,11.744,.460,9303.297,8071.808,.000,2280.634,889.889
240815231059,2702.727,11.744,.455,9303.297,8071.812,.000,2280.634,889.889
240815231100,2702.727,11.744,.454,9303.297,8071.812,.000,2280.634,889.889
240815231101,2702.727,11.744,.454,9303.297,8071.812,.000,2280.634,889.889
240815231129,2702.727,11.744,.404,9303.297,8071.816,.000,2280.634,889.889
240815231130,2702.727,11.744,.401,9303.297,8071.816,.000,2280.634,889.889
240815231131,2702.727,11.744,.401,9303.297,8071.816,.000,2280.634,889.889
240815231159,2702.727,11.744,.404,9303.297,8071.819,.000,2280.634,889.889
240815231200,2702.727,11.744,.400,9303.297,8071.819,.000,2280.634,889.889
240815231201,2702.727,11.744,.400,9303.297,8071.819,.000,2280.634,889.889
240815231229,2702.727,11.744,.405,9303.297,8071.822,.000,2280.634,889.889
240815231230,2702.727,11.744,.399,9303.297,8071.822,.000,2280.634,889.889
240815231231,2702.727,11.744,.399,9303.297,8071.823,.000,2280.634,889.889
240815231259,2702.727,11.744,.397,9303.297,8071.826,.000,2280.634,889.889
240815231300,2702.727,11.744,.397,9303.297,8071.826,.000,2280.634,889.889
240815231301,2702.727,11.744,.399,9303.297,8071.826,.000,2280.634,889.889
240815231329,2702.727,11.744,.397,9303.297,8071.829,.000,2280.634,889.889
240815231330,2702.727,11.744,.396,9303.297,8071.829,.000,2280.634,889.889
240815231331,2702.727,11.744,.401,9303.297,8071.829,.000,2280.634,889.889
240815231359,2702.727,11.744,.360,9303.297,8071.832,.000,2280.634,889.889
240815231400,2702.727,11.744,.362,9303.297,8071.832,.000,2280.634,889.889
240815231401,2702.727,11.744,.361,9303.297,8071.832,.000,2280.634,889.889
240815231430,2702.727,11.744,.362,9303.297,8071.835,.000,2280.634,889.889
240815231431,2702.727,11.744,.360,9303.297,8071.835,.000,2280.634,889.889
240815231500,2702.727,11.744,.360,9303.297,8071.838,.000,2280.634,889.889
240815231501,2702.727,11.744,.359,9303.297,8071.838,.000,2280.634,889.889
240815231502,2702.727,11.744,.361,9303.297,8071.838,.000,2280.634,889.889
240815231540,2702.727,11.744,.360,9303.297,8071.842,.000,2280.634,889.889
240815231541,2702.727,11.744,.360,9303.297,8071.842,.000,2280.634,889.889
240815231542,2702.727,11.744,.360,9303.297,8071.842,.000,2280.634,889.889
240815231610,2702.727,11.744,.364,9303.297,8071.845,.000,2280.634,889.889
240815231611,2702.727,11.744,.363,9303.297,8071.845,.000,2280.634,889.889
240815231612,2702.727,11.744,.360,9303.297,8071.846,.000,2280.634,889.889
240815231640,2702.727,11.744,.357,9303.297,8071.848,.000,2280.634,889.889
240815231641,2702.727,11.744,.359,9303.297,8071.848,.000,2280.634,889.889
240815231642,2702.727,11.744,.360,9303.297,8071.849,.000,2280.634,889.889
240815231710,2702.727,11.744,.375,9303.297,8071.851,.000,2280.634,889.889
240815231711,2702.727,11.744,.378,9303.297,8071.852,.000,2280.634,889.889
240815231712,2702.727,11.744,.375,9303.297,8071.852,.000,2280.634,889.889
240815231740,2702.727,11.744,.376,9303.297,8071.855,.000,2280.634,889.889
240815231741,2702.727,11.744,.378,9303.297,8071.855,.000,2280.634,889.889
240815231742,2702.727,11.744,.376,9303.297,8071.855,.000,2280.634,889.889
240815231810,2702.727,11.744,.358,9303.297,8071.858,.000,2280.634,889.889
240815231811,2702.727,11.744,.361,9303.297,8071.858,.000,2280.634,889.889
240815231812,2702.727,11.744,.358,9303.297,8071.858,.000,2280.634,889.889
240815231840,2702.727,11.744,.358,9303.297,8071.861,.000,2280.634,889.889
240815231841,2702.727,11.744,.359,9303.297,8071.861,.000,2280.634,889.889
240815231842,2702.727,11.744,.356,9303.297,8071.861,.000,2280.634,889.889
240815231910,2702.727,11.744,.357,9303.297,8071.864,.000,2280.634,889.889
240815231911,2702.727,11.744,.358,9303.297,8071.864,.000,2280.634,889.889
240815231912,2702.727,11.744,.358,9303.297,8071.864,.000,2280.634,889.889
240815231940,2702.727,11.744,.359,9303.297,8071.867,.000,2280.634,889.889
240815231941,2702.727,11.744,.357,9303.297,8071.867,.000,2280.634,889.889
240815231942,2702.727,11.744,.359,9303.297,8071.867,.000,2280.634,889.889
240815232011,2702.727,11.744,.358,9303.297,8071.870,.000,2280.634,889.889
240815232012,2702.727,11.744,.359,9303.297,8071.870,.000,2280.634,889.889
240815232041,2702.727,11.744,.358,9303.297,8071.873,.000,2280.634,889.889
240815232042,2702.727,11.744,.359,9303.297,8071.873,.000,2280.634,889.889
240815232043,2702.727,11.744,.358,9303.297,8071.873,.000,2280.634,889.889
240815232121,2702.727,11.744,.373,9303.297,8071.877,.000,2280.634,889.889
240815232122,2702.727,11.744,.371,9303.297,8071.877,.000,2280.634,889.889
240815232123,2702.727,11.744,.357,9303.297,8071.877,.000,2280.634,889.889
240815232151,2702.727,11.744,.373,9303.297,8071.880,.000,2280.634,889.889
240815232152,2702.727,11.744,.370,9303.297,8071.880,.000,2280.634,889.889
240815232153,2702.727,11.744,.356,9303.297,8071.880,.000,2280.634,889.889
240815232221,2702.727,11.744,.374,9303.297,8071.883,.000,2280.634,889.889
240815232222,2702.727,11.744,.374,9303.297,8071.883,.000,2280.634,889.889
240815232223,2702.727,11.744,.375,9303.297,8071.883,.000,2280.634,889.889
240815232251,2702.727,11.744,.376,9303.297,8071.886,.000,2280.634,889.889
240815232252,2702.727,11.744,.373,9303.297,8071.886,.000,2280.634,889.889
240815232253,2702.727,11.744,.360,9303.297,8071.886,.000,2280.634,889.889
240815232321,2702.727,11.744,.373,9303.297,8071.889,.000,2280.634,889.889
240815232322,2702.727,11.744,.374,9303.297,8071.889,.000,2280.634,889.889
240815232323,2702.727,11.744,.375,9303.297,8071.889,.000,2280.634,889.889
240815232351,2702.727,11.744,.374,9303.297,8071.892,.000,2280.634,889.889
240815232352,2702.727,11.744,.367,9303.297,8071.892,.000,2280.634,889.889
240815232353,2702.727,11.744,.357,9303.297,8071.892,.000,2280.634,889.889
240815232421,2702.727,11.744,.371,9303.297,8071.895,.000,2280.634,889.889
240815232422,2702.727,11.744,.368,9303.297,8071.895,.000,2280.634,889.889
240815232423,2702.727,11.744,.356,9303.297,8071.895,.000,2280.634,889.889
240815232451,2702.727,11.744,.372,9303.297,8071.898,.000,2280.634,889.889
240815232452,2702.727,11.744,.371,9303.297,8071.898,.000,2280.634,889.889
240815232453,2702.727,11.744,.358,9303.297,8071.898,.000,2280.634,889.889
240815232521,2702.727,11.744,.370,9303.297,8071.901,.000,2280.634,889.889
240815232522,2702.727,11.744,.367,9303.297,8071.901,.000,2280.634,889.889
240815232523,2702.727,11.744,.355,9303.297,8071.901,.000,2280.634,889.889
240815232551,2702.727,11.744,.372,9303.297,8071.904,.000,2280.634,889.889
240815232552,2702.727,11.744,.370,9303.297,8071.904,.000,2280.634,889.889
240815232553,2702.727,11.744,.356,9303.297,8071.904,.000,2280.634,889.889
240815232622,2702.727,11.744,.368,9303.297,8071.907,.000,2280.634,889.889
240815232623,2702.727,11.744,.353,9303.297,8071.907,.000,2280.634,889.889
240815232652,2702.727,11.744,.370,9303.297,8071.910,.000,2280.634,889.889
240815232653,2702.727,11.744,.353,9303.297,8071.910,.000,2280.634,889.889
240815232654,2702.727,11.744,.354,9303.297,8071.910,.000,2280.634,889.889
240815232732,2702.727,11.744,.352,9303.297,8071.914,.000,2280.634,889.889
240815232733,2702.727,11.744,.353,9303.297,8071.914,.000,2280.634,889.889
240815232734,2702.727,11.744,.353,9303.297,8071.914,.000,2280.634,889.889
240815232802,2702.727,11.744,.352,9303.297,8071.917,.000,2280.634,889.889
240815232803,2702.727,11.744,.352,9303.297,8071.917,.000,2280.634,889.889
240815232804,2702.727,11.744,.350,9303.297,8071.917,.000,2280.634,889.889
240815232832,2702.727,11.744,.369,9303.297,8071.920,.000,2280.634,889.889
240815232833,2702.727,11.744,.370,9303.297,8071.920,.000,2280.634,889.889
240815232834,2702.727,11.744,.369,9303.297,8071.920,.000,2280.634,889.889
240815232902,2702.727,11.744,.369,9303.297,8071.923,.000,2280.634,889.889
240815232903,2702.727,11.744,.371,9303.297,8071.923,.000,2280.634,889.889
240815232904,2702.727,11.744,.369,9303.297,8071.923,.000,2280.634,889.889
240815232932,2702.727,11.744,.369,9303.297,8071.926,.000,2280.634,889.889
240815232933,2702.727,11.744,.370,9303.297,8071.926,.000,2280.634,889.889
240815232934,2702.727,11.744,.369,9303.297,8071.926,.000,2280.634,889.889
240815233002,2702.727,11.744,.352,9303.297,8071.929,.000,2280.634,889.889
240815233003,2702.727,11.744,.352,9303.297,8071.929,.000,2280.634,889.889
240815233004,2702.727,11.744,.352,9303.297,8071.929,.000,2280.634,889.889
240815233032,2702.727,11.744,.351,9303.297,8071.932,.000,2280.634,889.889
240815233033,2702.727,11.744,.350,9303.297,8071.932,.000,2280.634,889.889
240815233034,2702.727,11.744,.350,9303.297,8071.932,.000,2280.634,889.889
240815233102,2702.727,11.744,.351,9303.297,8071.935,.000,2280.634,889.889
240815233103,2702.727,11.744,.350,9303.297,8071.935,.000,2280.634,889.889
240815233104,2702.727,11.744,.350,9303.297,8071.935,.000,2280.634,889.889
240815233132,2702.727,11.744,.350,9303.297,8071.938,.000,2280.634,889.889
240815233133,2702.727,11.744,.348,9303.297,8071.938,.000,2280.634,889.889
240815233134,2702.727,11.744,.351,9303.297,8071.938,.000,2280.634,889.889
240815233202,2702.727,11.744,.349,9303.297,8071.941,.000,2280.634,889.889
240815233203,2702.727,11.744,.349,9303.297,8071.941,.000,2280.634,889.889
240815233204,2702.727,11.744,.350,9303.297,8071.941,.000,2280.634,889.889
240815233232,2702.727,11.744,.349,9303.297,8071.944,.000,2280.634,889.889
240815233233,2702.727,11.744,.349,9303.297,8071.944,.000,2280.634,889.889
240815233234,2702.727,11.744,.351,9303.297,8071.944,.000,2280.634,889.889
240815233303,2702.727,11.744,.350,9303.297,8071.947,.000,2280.634,889.889
240815233304,2702.727,11.744,.349,9303.297,8071.947,.000,2280.634,889.889
240815233333,2702.727,11.744,.354,9303.297,8071.950,.000,2280.634,889.889
240815233334,2702.727,11.744,.354,9303.297,8071.950,.000,2280.634,889.889
240815233335,2702.727,11.744,.349,9303.297,8071.950,.000,2280.634,889.889
240815233413,2702.727,11.744,.351,9303.297,8071.954,.000,2280.634,889.889
240815233414,2702.727,11.744,.350,9303.297,8071.954,.000,2280.634,889.889
240815233415,2702.727,11.744,.355,9303.297,8071.954,.000,2280.634,889.889
240815233443,2702.727,11.744,.349,9303.297,8071.956,.000,2280.634,889.889
240815233444,2702.727,11.744,.352,9303.297,8071.957,.000,2280.634,889.889
240815233445,2702.727,11.744,.355,9303.297,8071.957,.000,2280.634,889.889
240815233513,2702.727,11.744,.347,9303.297,8071.959,.000,2280.634,889.889
240815233514,2702.727,11.744,.348,9303.297,8071.959,.000,2280.634,889.889
240815233515,2702.727,11.744,.351,9303.297,8071.960,.000,2280.634,889.889
240815233543,2702.727,11.744,.357,9303.297,8071.962,.000,2280.634,889.889
240815233544,2702.727,11.744,.357,9303.297,8071.962,.000,2280.634,889.889
240815233545,2702.727,11.744,.361,9303.297,8071.963,.000,2280.634,889.889
240815233613,2702.727,11.744,.358,9303.297,8071.965,.000,2280.634,889.889
240815233614,2702.727,11.744,.360,9303.297,8071.965,.000,2280.634,889.889
240815233615,2702.727,11.744,.359,9303.297,8071.966,.000,2280.634,889.889
240815233643,2702.727,11.744,.358,9303.297,8071.968,.000,2280.634,889.889
240815233644,2702.727,11.744,.360,9303.297,8071.968,.000,2280.634,889.889
240815233645,2702.727,11.744,.359,9303.297,8071.969,.000,2280.634,889.889
240815233713,2702.727,11.744,1.412,9303.297,8071.976,.000,2280.634,889.889
240815233714,2702.727,11.744,1.415,9303.297,8071.976,.000,2280.634,889.889
240815233715,2702.727,11.744,1.417,9303.297,8071.976,.000,2280.634,889.889
240815233743,2702.727,11.744,1.265,9303.297,8071.987,.000,2280.634,889.889
240815233744,2702.727,11.744,1.274,9303.297,8071.987,.000,2280.634,889.889
240815233745,2702.727,11.744,.638,9303.297,8071.988,.000,2280.634,889.889
240815233813,2702.727,11.744,.348,9303.297,8071.990,.000,2280.634,889.889
240815233814,2702.727,11.744,.350,9303.297,8071.991,.000,2280.634,889.889
240815233815,2702.727,11.744,.349,9303.297,8071.991,.000,2280.634,889.889
240815233843,2702.727,11.744,.348,9303.297,8071.993,.000,2280.634,889.889
240815233844,2702.727,11.744,.346,9303.297,8071.994,.000,2280.634,889.889
240815233845,2702.727,11.744,.347,9303.297,8071.994,.000,2280.634,889.889
240815233913,2702.727,11.744,.347,9303.297,8071.996,.000,2280.634,889.889
240815233914,2702.727,11.744,.348,9303.297,8071.996,.000,2280.634,889.889
240815233915,2702.727,11.744,.350,9303.297,8071.997,.000,2280.634,889.889
240815233943,2702.727,11.744,.348,9303.297,8071.999,.000,2280.634,889.889
240815233944,2702.727,11.744,.347,9303.297,8071.999,.000,2280.634,889.889
240815233945,2702.727,11.744,.349,9303.297,8071.999,.000,2280.634,889.889
240815234013,2702.727,11.744,.364,9303.297,8072.002,.000,2280.634,889.889
240815234014,2702.727,11.744,.363,9303.297,8072.002,.000,2280.634,889.889
240815234015,2702.727,11.744,.365,9303.297,8072.002,.000,2280.634,889.889
240815234044,2702.727,11.744,.364,9303.297,8072.005,.000,2280.634,889.889
240815234045,2702.727,11.744,.365,9303.297,8072.005,.000,2280.634,889.889
240815234114,2702.727,11.744,.346,9303.297,8072.008,.000,2280.634,889.889
240815234115,2702.727,11.744,.347,9303.297,8072.009,.000,2280.634,889.889
240815234116,2702.727,11.744,.347,9303.297,8072.009,.000,2280.634,889.889
240815234154,2702.727,11.744,.349,9303.297,8072.012,.000,2280.634,889.889
240815234155,2702.727,11.744,.348,9303.297,8072.012,.000,2280.634,889.889
240815234156,2702.727,11.744,.347,9303.297,8072.012,.000,2280.634,889.889
240815234224,2702.727,11.744,.242,9303.297,8072.014,.000,2280.634,889.889
240815234225,2702.727,11.744,.241,9303.297,8072.014,.000,2280.634,889.889
240815234226,2702.727,11.744,.240,9303.297,8072.014,.000,2280.634,889.889
240815234254,2702.727,11.744,.224,9303.297,8072.016,.000,2280.634,889.889
240815234255,2702.727,11.744,.224,9303.297,8072.016,.000,2280.634,889.889
240815234256,2702.727,11.744,.225,9303.297,8072.016,.000,2280.634,889.889
240815234324,2702.727,11.744,.241,9303.297,8072.018,.000,2280.634,889.889
240815234325,2702.727,11.744,.241,9303.297,8072.018,.000,2280.634,889.889
240815234326,2702.727,11.744,.242,9303.297,8072.018,.000,2280.634,889.889
240815234354,2702.727,11.744,.227,9303.297,8072.020,.000,2280.634,889.889
240815234355,2702.727,11.744,.227,9303.297,8072.020,.000,2280.634,889.889
240815234356,2702.727,11.744,.228,9303.297,8072.020,.000,2280.634,889.889
240815234424,2702.727,11.744,.232,9303.297,8072.022,.000,2280.634,889.889
240815234425,2702.727,11.744,.229,9303.297,8072.022,.000,2280.634,889.889
240815234426,2702.727,11.744,.228,9303.297,8072.022,.000,2280.634,889.889
240815234454,2702.727,11.744,.231,9303.297,8072.024,.000,2280.634,889.889
240815234455,2702.727,11.744,.228,9303.297,8072.024,.000,2280.634,889.889
240815234456,2702.727,11.744,.226,9303.297,8072.024,.000,2280.634,889.889
240815234524,2702.727,11.744,.224,9303.297,8072.026,.000,2280.634,889.889
240815234525,2702.727,11.744,.226,9303.297,8072.026,.000,2280.634,889.889
240815234526,2702.727,11.744,.227,9303.297,8072.026,.000,2280.634,889.889
240815234554,2702.727,11.744,.225,9303.297,8072.028,.000,2280.634,889.889
240815234555,2702.727,11.744,.225,9303.297,8072.028,.000,2280.634,889.889
240815234556,2702.727,11.744,.226,9303.297,8072.028,.000,2280.634,889.889
240815234624,2702.727,11.744,.224,9303.297,8072.030,.000,2280.634,889.889
240815234625,2702.727,11.744,.224,9303.297,8072.030,.000,2280.634,889.889
240815234626,2702.727,11.744,.223,9303.297,8072.030,.000,2280.634,889.889
240815234654,2702.727,11.744,.226,9303.297,8072.031,.000,2280.634,889.889
240815234655,2702.727,11.744,.224,9303.297,8072.031,.000,2280.634,889.889
240815234656,2702.727,11.744,.224,9303.297,8072.032,.000,2280.634,889.889
240815234724,2702.727,11.744,.226,9303.297,8072.033,.000,2280.634,889.889
240815234725,2702.727,11.744,.222,9303.297,8072.033,.000,2280.634,889.889
240815234726,2702.727,11.744,.224,9303.297,8072.033,.000,2280.634,889.889
240815234754,2702.727,11.744,.225,9303.297,8072.035,.000,2280.634,889.889
240815234755,2702.727,11.744,.224,9303.297,8072.035,.000,2280.634,889.889
240815234756,2702.727,11.744,.225,9303.297,8072.035,.000,2280.634,889.889
240815234825,2702.727,11.744,.223,9303.297,8072.037,.000,2280.634,889.889
240815234826,2702.727,11.744,.224,9303.297,8072.037,.000,2280.634,889.889
240815234855,2702.727,11.744,.224,9303.297,8072.039,.000,2280.634,889.889
240815234856,2702.727,11.744,.225,9303.297,8072.039,.000,2280.634,889.889
240815234857,2702.727,11.744,.224,9303.297,8072.039,.000,2280.634,889.889
240815234935,2702.727,11.744,.225,9303.297,8072.042,.000,2280.634,889.889
240815234936,2702.727,11.744,.222,9303.297,8072.042,.000,2280.634,889.889
240815234937,2702.727,11.744,.222,9303.297,8072.042,.000,2280.634,889.889
